game_id,team,player_id,player_name,batting_order,bats,prediction_mode,lineup_source,lineup_confidence,is_available,is_expected_starter,rest_signal,captured_at
746817,CWS,643217,Andrew Benintendi,1,,projected,schema_smoke_from_confirmed,0.6,1.0,1.0,0.0,2024-04-01T09:00:00Z
746817,CWS,660162,Yoán Moncada,2,,projected,schema_smoke_from_confirmed,0.6,1.0,1.0,0.0,2024-04-01T09:00:00Z
746817,CWS,673357,Luis Robert Jr.,3,,projected,schema_smoke_from_confirmed,0.6,1.0,1.0,0.0,2024-04-01T09:00:00Z
746817,CWS,683734,Andrew Vaughn,4,,projected,schema_smoke_from_confirmed,0.6,1.0,1.0,0.0,2024-04-01T09:00:00Z
746817,CWS,657757,Gavin Sheets,5,,projected,schema_smoke_from_confirmed,0.6,1.0,1.0,0.0,2024-04-01T09:00:00Z
746817,CWS,657557,Paul DeJong,6,,projected,schema_smoke_from_confirmed,0.6,1.0,1.0,0.0,2024-04-01T09:00:00Z
746817,CWS,670032,Nicky Lopez,7,,projected,schema_smoke_from_confirmed,0.6,1.0,1.0,0.0,2024-04-01T09:00:00Z
746817,CWS,455117,Martín Maldonado,8,,projected,schema_smoke_from_confirmed,0.6,1.0,1.0,0.0,2024-04-01T09:00:00Z
746817,CWS,666150,Dominic Fletcher,9,,projected,schema_smoke_from_confirmed,0.6,1.0,1.0,0.0,2024-04-01T09:00:00Z
746817,ATL,660670,Ronald Acuña Jr.,1,,projected,schema_smoke_from_confirmed,0.6,1.0,1.0,0.0,2024-04-01T09:00:00Z
746817,ATL,645277,Ozzie Albies,2,,projected,schema_smoke_from_confirmed,0.6,1.0,1.0,0.0,2024-04-01T09:00:00Z
746817,ATL,663586,Austin Riley,3,,projected,schema_smoke_from_confirmed,0.6,1.0,1.0,0.0,2024-04-01T09:00:00Z
746817,ATL,621566,Matt Olson,4,,projected,schema_smoke_from_confirmed,0.6,1.0,1.0,0.0,2024-04-01T09:00:00Z
746817,ATL,542303,Marcell Ozuna,5,,projected,schema_smoke_from_confirmed,0.6,1.0,1.0,0.0,2024-04-01T09:00:00Z
746817,ATL,671739,Michael Harris II,6,,projected,schema_smoke_from_confirmed,0.6,1.0,1.0,0.0,2024-04-01T09:00:00Z
746817,ATL,606115,Orlando Arcia,7,,projected,schema_smoke_from_confirmed,0.6,1.0,1.0,0.0,2024-04-01T09:00:00Z
746817,ATL,518595,Travis d'Arnaud,8,,projected,schema_smoke_from_confirmed,0.6,1.0,1.0,0.0,2024-04-01T09:00:00Z
746817,ATL,672284,Jarred Kelenic,9,,projected,schema_smoke_from_confirmed,0.6,1.0,1.0,0.0,2024-04-01T09:00:00Z
746899,CHC,664023,Ian Happ,1,,projected,schema_smoke_from_confirmed,0.6,1.0,1.0,0.0,2024-04-01T09:00:00Z
746899,CHC,673548,Seiya Suzuki,2,,projected,schema_smoke_from_confirmed,0.6,1.0,1.0,0.0,2024-04-01T09:00:00Z
746899,CHC,641355,Cody Bellinger,3,,projected,schema_smoke_from_confirmed,0.6,1.0,1.0,0.0,2024-04-01T09:00:00Z
746899,CHC,663611,Nick Madrigal,4,,projected,schema_smoke_from_confirmed,0.6,1.0,1.0,0.0,2024-04-01T09:00:00Z
746899,CHC,621020,Dansby Swanson,5,,projected,schema_smoke_from_confirmed,0.6,1.0,1.0,0.0,2024-04-01T09:00:00Z
746899,CHC,683737,Michael Busch,6,,projected,schema_smoke_from_confirmed,0.6,1.0,1.0,0.0,2024-04-01T09:00:00Z
746899,CHC,663538,Nico Hoerner,7,,projected,schema_smoke_from_confirmed,0.6,1.0,1.0,0.0,2024-04-01T09:00:00Z
746899,CHC,643565,Mike Tauchman,8,,projected,schema_smoke_from_confirmed,0.6,1.0,1.0,0.0,2024-04-01T09:00:00Z
746899,CHC,543228,Yan Gomes,9,,projected,schema_smoke_from_confirmed,0.6,1.0,1.0,0.0,2024-04-01T09:00:00Z
746899,COL,453568,Charlie Blackmon,1,,projected,schema_smoke_from_confirmed,0.6,1.0,1.0,0.0,2024-04-01T09:00:00Z
746899,COL,663898,Brendan Rodgers,2,,projected,schema_smoke_from_confirmed,0.6,1.0,1.0,0.0,2024-04-01T09:00:00Z
746899,COL,666134,Nolan Jones,3,,projected,schema_smoke_from_confirmed,0.6,1.0,1.0,0.0,2024-04-01T09:00:00Z
746899,COL,592178,Kris Bryant,4,,projected,schema_smoke_from_confirmed,0.6,1.0,1.0,0.0,2024-04-01T09:00:00Z
746899,COL,641857,Ryan McMahon,5,,projected,schema_smoke_from_confirmed,0.6,1.0,1.0,0.0,2024-04-01T09:00:00Z
746899,COL,553869,Elias Díaz,6,,projected,schema_smoke_from_confirmed,0.6,1.0,1.0,0.0,2024-04-01T09:00:00Z
746899,COL,678662,Ezequiel Tovar,7,,projected,schema_smoke_from_confirmed,0.6,1.0,1.0,0.0,2024-04-01T09:00:00Z
746899,COL,660707,Elehuris Montero,8,,projected,schema_smoke_from_confirmed,0.6,1.0,1.0,0.0,2024-04-01T09:00:00Z
746899,COL,686668,Brenton Doyle,9,,projected,schema_smoke_from_confirmed,0.6,1.0,1.0,0.0,2024-04-01T09:00:00Z
744875,WSH,682928,CJ Abrams,1,,projected,schema_smoke_from_confirmed,0.6,1.0,1.0,0.0,2024-04-01T09:00:00Z
744875,WSH,657041,Lane Thomas,2,,projected,schema_smoke_from_confirmed,0.6,1.0,1.0,0.0,2024-04-01T09:00:00Z
744875,WSH,608841,Joey Meneses,3,,projected,schema_smoke_from_confirmed,0.6,1.0,1.0,0.0,2024-04-01T09:00:00Z
744875,WSH,660688,Keibert Ruiz,4,,projected,schema_smoke_from_confirmed,0.6,1.0,1.0,0.0,2024-04-01T09:00:00Z
744875,WSH,592696,Eddie Rosario,5,,projected,schema_smoke_from_confirmed,0.6,1.0,1.0,0.0,2024-04-01T09:00:00Z
744875,WSH,702358,Trey Lipscomb,6,,projected,schema_smoke_from_confirmed,0.6,1.0,1.0,0.0,2024-04-01T09:00:00Z
744875,WSH,545121,Ildemaro Vargas,7,,projected,schema_smoke_from_confirmed,0.6,1.0,1.0,0.0,2024-04-01T09:00:00Z
744875,WSH,656180,Riley Adams,8,,projected,schema_smoke_from_confirmed,0.6,1.0,1.0,0.0,2024-04-01T09:00:00Z
744875,WSH,645302,Victor Robles,9,,projected,schema_smoke_from_confirmed,0.6,1.0,1.0,0.0,2024-04-01T09:00:00Z
744875,PIT,642133,Rowdy Tellez,1,,projected,schema_smoke_from_confirmed,0.6,1.0,1.0,0.0,2024-04-01T09:00:00Z
744875,PIT,668804,Bryan Reynolds,2,,projected,schema_smoke_from_confirmed,0.6,1.0,1.0,0.0,2024-04-01T09:00:00Z
744875,PIT,663647,Ke'Bryan Hayes,3,,projected,schema_smoke_from_confirmed,0.6,1.0,1.0,0.0,2024-04-01T09:00:00Z
744875,PIT,457705,Andrew McCutchen,4,,projected,schema_smoke_from_confirmed,0.6,1.0,1.0,0.0,2024-04-01T09:00:00Z
744875,PIT,669261,Jack Suwinski,5,,projected,schema_smoke_from_confirmed,0.6,1.0,1.0,0.0,2024-04-01T09:00:00Z
744875,PIT,680779,Henry Davis,6,,projected,schema_smoke_from_confirmed,0.6,1.0,1.0,0.0,2024-04-01T09:00:00Z
744875,PIT,665833,Oneil Cruz,7,,projected,schema_smoke_from_confirmed,0.6,1.0,1.0,0.0,2024-04-01T09:00:00Z
744875,PIT,572191,Michael A. Taylor,8,,projected,schema_smoke_from_confirmed,0.6,1.0,1.0,0.0,2024-04-01T09:00:00Z
744875,PIT,675961,Alika Williams,9,,projected,schema_smoke_from_confirmed,0.6,1.0,1.0,0.0,2024-04-01T09:00:00Z
747058,BAL,683002,Gunnar Henderson,1,,projected,schema_smoke_from_confirmed,0.6,1.0,1.0,0.0,2024-04-01T09:00:00Z
747058,BAL,668939,Adley Rutschman,2,,projected,schema_smoke_from_confirmed,0.6,1.0,1.0,0.0,2024-04-01T09:00:00Z
747058,BAL,623993,Anthony Santander,3,,projected,schema_smoke_from_confirmed,0.6,1.0,1.0,0.0,2024-04-01T09:00:00Z
747058,BAL,663624,Ryan Mountcastle,4,,projected,schema_smoke_from_confirmed,0.6,1.0,1.0,0.0,2024-04-01T09:00:00Z
747058,BAL,681297,Colton Cowser,5,,projected,schema_smoke_from_confirmed,0.6,1.0,1.0,0.0,2024-04-01T09:00:00Z
747058,BAL,669720,Austin Hays,6,,projected,schema_smoke_from_confirmed,0.6,1.0,1.0,0.0,2024-04-01T09:00:00Z
747058,BAL,656775,Cedric Mullins,7,,projected,schema_smoke_from_confirmed,0.6,1.0,1.0,0.0,2024-04-01T09:00:00Z
747058,BAL,676059,Jordan Westburg,8,,projected,schema_smoke_from_confirmed,0.6,1.0,1.0,0.0,2024-04-01T09:00:00Z
747058,BAL,602104,Ramón Urías,9,,projected,schema_smoke_from_confirmed,0.6,1.0,1.0,0.0,2024-04-01T09:00:00Z
747058,KC,672580,Maikel Garcia,1,,projected,schema_smoke_from_confirmed,0.6,1.0,1.0,0.0,2024-04-01T09:00:00Z
747058,KC,677951,Bobby Witt Jr.,2,,projected,schema_smoke_from_confirmed,0.6,1.0,1.0,0.0,2024-04-01T09:00:00Z
747058,KC,641658,Garrett Hampson,3,,projected,schema_smoke_from_confirmed,0.6,1.0,1.0,0.0,2024-04-01T09:00:00Z
747058,KC,521692,Salvador Perez,4,,projected,schema_smoke_from_confirmed,0.6,1.0,1.0,0.0,2024-04-01T09:00:00Z
747058,KC,669004,MJ Melendez,5,,projected,schema_smoke_from_confirmed,0.6,1.0,1.0,0.0,2024-04-01T09:00:00Z
747058,KC,592669,Hunter Renfroe,6,,projected,schema_smoke_from_confirmed,0.6,1.0,1.0,0.0,2024-04-01T09:00:00Z
747058,KC,679845,Nick Loftin,7,,projected,schema_smoke_from_confirmed,0.6,1.0,1.0,0.0,2024-04-01T09:00:00Z
747058,KC,676369,Nelson Velázquez,8,,projected,schema_smoke_from_confirmed,0.6,1.0,1.0,0.0,2024-04-01T09:00:00Z
747058,KC,680118,Dairon Blanco,9,,projected,schema_smoke_from_confirmed,0.6,1.0,1.0,0.0,2024-04-01T09:00:00Z
745600,PHI,679032,Johan Rojas,1,,projected,schema_smoke_from_confirmed,0.6,1.0,1.0,0.0,2024-04-01T09:00:00Z
745600,PHI,607208,Trea Turner,2,,projected,schema_smoke_from_confirmed,0.6,1.0,1.0,0.0,2024-04-01T09:00:00Z
745600,PHI,547180,Bryce Harper,3,,projected,schema_smoke_from_confirmed,0.6,1.0,1.0,0.0,2024-04-01T09:00:00Z
745600,PHI,592663,J.T. Realmuto,4,,projected,schema_smoke_from_confirmed,0.6,1.0,1.0,0.0,2024-04-01T09:00:00Z
745600,PHI,664761,Alec Bohm,5,,projected,schema_smoke_from_confirmed,0.6,1.0,1.0,0.0,2024-04-01T09:00:00Z
745600,PHI,592206,Nick Castellanos,6,,projected,schema_smoke_from_confirmed,0.6,1.0,1.0,0.0,2024-04-01T09:00:00Z
745600,PHI,681082,Bryson Stott,7,,projected,schema_smoke_from_confirmed,0.6,1.0,1.0,0.0,2024-04-01T09:00:00Z
745600,PHI,593160,Whit Merrifield,8,,projected,schema_smoke_from_confirmed,0.6,1.0,1.0,0.0,2024-04-01T09:00:00Z
745600,PHI,669016,Brandon Marsh,9,,projected,schema_smoke_from_confirmed,0.6,1.0,1.0,0.0,2024-04-01T09:00:00Z
745600,CIN,663697,Jonathan India,1,,projected,schema_smoke_from_confirmed,0.6,1.0,1.0,0.0,2024-04-01T09:00:00Z
745600,CIN,663886,Tyler Stephenson,2,,projected,schema_smoke_from_confirmed,0.6,1.0,1.0,0.0,2024-04-01T09:00:00Z
745600,CIN,687952,Christian Encarnacion-Strand,3,,projected,schema_smoke_from_confirmed,0.6,1.0,1.0,0.0,2024-04-01T09:00:00Z
745600,CIN,600869,Jeimer Candelario,4,,projected,schema_smoke_from_confirmed,0.6,1.0,1.0,0.0,2024-04-01T09:00:00Z
745600,CIN,669289,Santiago Espinal,5,,projected,schema_smoke_from_confirmed,0.6,1.0,1.0,0.0,2024-04-01T09:00:00Z
745600,CIN,682829,Elly De La Cruz,6,,projected,schema_smoke_from_confirmed,0.6,1.0,1.0,0.0,2024-04-01T09:00:00Z
745600,CIN,656413,Stuart Fairchild,7,,projected,schema_smoke_from_confirmed,0.6,1.0,1.0,0.0,2024-04-01T09:00:00Z
745600,CIN,669352,Bubba Thompson,8,,projected,schema_smoke_from_confirmed,0.6,1.0,1.0,0.0,2024-04-01T09:00:00Z
745600,CIN,666181,Will Benson,9,,projected,schema_smoke_from_confirmed,0.6,1.0,1.0,0.0,2024-04-01T09:00:00Z
746085,MIA,650333,Luis Arraez,1,,projected,schema_smoke_from_confirmed,0.6,1.0,1.0,0.0,2024-04-01T09:00:00Z
746085,MIA,605137,Josh Bell,2,,projected,schema_smoke_from_confirmed,0.6,1.0,1.0,0.0,2024-04-01T09:00:00Z
746085,MIA,669394,Jake Burger,3,,projected,schema_smoke_from_confirmed,0.6,1.0,1.0,0.0,2024-04-01T09:00:00Z
746085,MIA,665862,Jazz Chisholm Jr.,4,,projected,schema_smoke_from_confirmed,0.6,1.0,1.0,0.0,2024-04-01T09:00:00Z
746085,MIA,650559,Bryan De La Cruz,5,,projected,schema_smoke_from_confirmed,0.6,1.0,1.0,0.0,2024-04-01T09:00:00Z
746085,MIA,660821,Jesús Sánchez,6,,projected,schema_smoke_from_confirmed,0.6,1.0,1.0,0.0,2024-04-01T09:00:00Z
746085,MIA,641313,Tim Anderson,7,,projected,schema_smoke_from_confirmed,0.6,1.0,1.0,0.0,2024-04-01T09:00:00Z
746085,MIA,624503,Nick Gordon,8,,projected,schema_smoke_from_confirmed,0.6,1.0,1.0,0.0,2024-04-01T09:00:00Z
746085,MIA,663743,Nick Fortes,9,,projected,schema_smoke_from_confirmed,0.6,1.0,1.0,0.0,2024-04-01T09:00:00Z
746085,LAA,543685,Anthony Rendon,1,,projected,schema_smoke_from_confirmed,0.6,1.0,1.0,0.0,2024-04-01T09:00:00Z
746085,LAA,694384,Nolan Schanuel,2,,projected,schema_smoke_from_confirmed,0.6,1.0,1.0,0.0,2024-04-01T09:00:00Z
746085,LAA,545361,Mike Trout,3,,projected,schema_smoke_from_confirmed,0.6,1.0,1.0,0.0,2024-04-01T09:00:00Z
746085,LAA,621493,Taylor Ward,4,,projected,schema_smoke_from_confirmed,0.6,1.0,1.0,0.0,2024-04-01T09:00:00Z
746085,LAA,592273,Brandon Drury,5,,projected,schema_smoke_from_confirmed,0.6,1.0,1.0,0.0,2024-04-01T09:00:00Z
746085,LAA,543305,Aaron Hicks,6,,projected,schema_smoke_from_confirmed,0.6,1.0,1.0,0.0,2024-04-01T09:00:00Z
746085,LAA,681351,Logan O'Hoppe,7,,projected,schema_smoke_from_confirmed,0.6,1.0,1.0,0.0,2024-04-01T09:00:00Z
746085,LAA,666176,Jo Adell,8,,projected,schema_smoke_from_confirmed,0.6,1.0,1.0,0.0,2024-04-01T09:00:00Z
746085,LAA,687263,Zach Neto,9,,projected,schema_smoke_from_confirmed,0.6,1.0,1.0,0.0,2024-04-01T09:00:00Z
745109,TB,650490,Yandy Díaz,1,,projected,schema_smoke_from_confirmed,0.6,1.0,1.0,0.0,2024-04-01T09:00:00Z
745109,TB,664040,Brandon Lowe,2,,projected,schema_smoke_from_confirmed,0.6,1.0,1.0,0.0,2024-04-01T09:00:00Z
745109,TB,668227,Randy Arozarena,3,,projected,schema_smoke_from_confirmed,0.6,1.0,1.0,0.0,2024-04-01T09:00:00Z
745109,TB,642708,Amed Rosario,4,,projected,schema_smoke_from_confirmed,0.6,1.0,1.0,0.0,2024-04-01T09:00:00Z
745109,TB,680700,Richie Palacios,5,,projected,schema_smoke_from_confirmed,0.6,1.0,1.0,0.0,2024-04-01T09:00:00Z
745109,TB,678554,Curtis Mead,6,,projected,schema_smoke_from_confirmed,0.6,1.0,1.0,0.0,2024-04-01T09:00:00Z
745109,TB,642350,Jose Siri,7,,projected,schema_smoke_from_confirmed,0.6,1.0,1.0,0.0,2024-04-01T09:00:00Z
745109,TB,668853,Austin Shenton,8,,projected,schema_smoke_from_confirmed,0.6,1.0,1.0,0.0,2024-04-01T09:00:00Z
745109,TB,650907,René Pinto,9,,projected,schema_smoke_from_confirmed,0.6,1.0,1.0,0.0,2024-04-01T09:00:00Z
745109,TEX,543760,Marcus Semien,1,,projected,schema_smoke_from_confirmed,0.6,1.0,1.0,0.0,2024-04-01T09:00:00Z
745109,TEX,608369,Corey Seager,2,,projected,schema_smoke_from_confirmed,0.6,1.0,1.0,0.0,2024-04-01T09:00:00Z
745109,TEX,694497,Evan Carter,3,,projected,schema_smoke_from_confirmed,0.6,1.0,1.0,0.0,2024-04-01T09:00:00Z
745109,TEX,666969,Adolis García,4,,projected,schema_smoke_from_confirmed,0.6,1.0,1.0,0.0,2024-04-01T09:00:00Z
745109,TEX,669701,Josh Smith,5,,projected,schema_smoke_from_confirmed,0.6,1.0,1.0,0.0,2024-04-01T09:00:00Z
745109,TEX,694671,Wyatt Langford,6,,projected,schema_smoke_from_confirmed,0.6,1.0,1.0,0.0,2024-04-01T09:00:00Z
745109,TEX,665120,Jared Walsh,7,,projected,schema_smoke_from_confirmed,0.6,1.0,1.0,0.0,2024-04-01T09:00:00Z
745109,TEX,641680,Jonah Heim,8,,projected,schema_smoke_from_confirmed,0.6,1.0,1.0,0.0,2024-04-01T09:00:00Z
745109,TEX,608671,Travis Jankowski,9,,projected,schema_smoke_from_confirmed,0.6,1.0,1.0,0.0,2024-04-01T09:00:00Z
745842,NYM,607043,Brandon Nimmo,1,,projected,schema_smoke_from_confirmed,0.6,1.0,1.0,0.0,2024-04-01T09:00:00Z
745842,NYM,596019,Francisco Lindor,2,,projected,schema_smoke_from_confirmed,0.6,1.0,1.0,0.0,2024-04-01T09:00:00Z
745842,NYM,624413,Pete Alonso,3,,projected,schema_smoke_from_confirmed,0.6,1.0,1.0,0.0,2024-04-01T09:00:00Z
745842,NYM,682626,Francisco Alvarez,4,,projected,schema_smoke_from_confirmed,0.6,1.0,1.0,0.0,2024-04-01T09:00:00Z
745842,NYM,621466,DJ Stewart,5,,projected,schema_smoke_from_confirmed,0.6,1.0,1.0,0.0,2024-04-01T09:00:00Z
745842,NYM,516782,Starling Marte,6,,projected,schema_smoke_from_confirmed,0.6,1.0,1.0,0.0,2024-04-01T09:00:00Z
745842,NYM,670097,Zack Short,7,,projected,schema_smoke_from_confirmed,0.6,1.0,1.0,0.0,2024-04-01T09:00:00Z
745842,NYM,643446,Jeff McNeil,8,,projected,schema_smoke_from_confirmed,0.6,1.0,1.0,0.0,2024-04-01T09:00:00Z
745842,NYM,621563,Joey Wendle,9,,projected,schema_smoke_from_confirmed,0.6,1.0,1.0,0.0,2024-04-01T09:00:00Z
745842,DET,656716,Zach McKinstry,1,,projected,schema_smoke_from_confirmed,0.6,1.0,1.0,0.0,2024-04-01T09:00:00Z
745842,DET,681481,Kerry Carpenter,2,,projected,schema_smoke_from_confirmed,0.6,1.0,1.0,0.0,2024-04-01T09:00:00Z
745842,DET,679529,Spencer Torkelson,3,,projected,schema_smoke_from_confirmed,0.6,1.0,1.0,0.0,2024-04-01T09:00:00Z
745842,DET,682985,Riley Greene,4,,projected,schema_smoke_from_confirmed,0.6,1.0,1.0,0.0,2024-04-01T09:00:00Z
745842,DET,678009,Parker Meadows,5,,projected,schema_smoke_from_confirmed,0.6,1.0,1.0,0.0,2024-04-01T09:00:00Z
745842,DET,690993,Colt Keith,6,,projected,schema_smoke_from_confirmed,0.6,1.0,1.0,0.0,2024-04-01T09:00:00Z
745842,DET,570482,Gio Urshela,7,,projected,schema_smoke_from_confirmed,0.6,1.0,1.0,0.0,2024-04-01T09:00:00Z
745842,DET,595879,Javier Báez,8,,projected,schema_smoke_from_confirmed,0.6,1.0,1.0,0.0,2024-04-01T09:00:00Z
745842,DET,608348,Carson Kelly,9,,projected,schema_smoke_from_confirmed,0.6,1.0,1.0,0.0,2024-04-01T09:00:00Z
746409,HOU,643289,Mauricio Dubón,1,,projected,schema_smoke_from_confirmed,0.6,1.0,1.0,0.0,2024-04-01T09:00:00Z
746409,HOU,666197,Grae Kessinger,2,,projected,schema_smoke_from_confirmed,0.6,1.0,1.0,0.0,2024-04-01T09:00:00Z
746409,HOU,663656,Kyle Tucker,3,,projected,schema_smoke_from_confirmed,0.6,1.0,1.0,0.0,2024-04-01T09:00:00Z
746409,HOU,608324,Alex Bregman,4,,projected,schema_smoke_from_confirmed,0.6,1.0,1.0,0.0,2024-04-01T09:00:00Z
746409,HOU,673237,Yainer Diaz,5,,projected,schema_smoke_from_confirmed,0.6,1.0,1.0,0.0,2024-04-01T09:00:00Z
746409,HOU,547989,José Abreu,6,,projected,schema_smoke_from_confirmed,0.6,1.0,1.0,0.0,2024-04-01T09:00:00Z
746409,HOU,676801,Chas McCormick,7,,projected,schema_smoke_from_confirmed,0.6,1.0,1.0,0.0,2024-04-01T09:00:00Z
746409,HOU,665161,Jeremy Peña,8,,projected,schema_smoke_from_confirmed,0.6,1.0,1.0,0.0,2024-04-01T09:00:00Z
746409,HOU,676694,Jake Meyers,9,,projected,schema_smoke_from_confirmed,0.6,1.0,1.0,0.0,2024-04-01T09:00:00Z
746409,TOR,543807,George Springer,1,,projected,schema_smoke_from_confirmed,0.6,1.0,1.0,0.0,2024-04-01T09:00:00Z
746409,TOR,665489,Vladimir Guerrero Jr.,2,,projected,schema_smoke_from_confirmed,0.6,1.0,1.0,0.0,2024-04-01T09:00:00Z
746409,TOR,676914,Davis Schneider,3,,projected,schema_smoke_from_confirmed,0.6,1.0,1.0,0.0,2024-04-01T09:00:00Z
746409,TOR,662139,Daulton Varsho,4,,projected,schema_smoke_from_confirmed,0.6,1.0,1.0,0.0,2024-04-01T09:00:00Z
746409,TOR,672386,Alejandro Kirk,5,,projected,schema_smoke_from_confirmed,0.6,1.0,1.0,0.0,2024-04-01T09:00:00Z
746409,TOR,676391,Ernie Clement,6,,projected,schema_smoke_from_confirmed,0.6,1.0,1.0,0.0,2024-04-01T09:00:00Z
746409,TOR,595281,Kevin Kiermaier,7,,projected,schema_smoke_from_confirmed,0.6,1.0,1.0,0.0,2024-04-01T09:00:00Z
746409,TOR,643396,Isiah Kiner-Falefa,8,,projected,schema_smoke_from_confirmed,0.6,1.0,1.0,0.0,2024-04-01T09:00:00Z
746409,TOR,624415,Cavan Biggio,9,,projected,schema_smoke_from_confirmed,0.6,1.0,1.0,0.0,2024-04-01T09:00:00Z
745675,OAK,676116,Ryan Noda,1,,projected,schema_smoke_from_confirmed,0.6,1.0,1.0,0.0,2024-04-01T09:00:00Z
745675,OAK,663527,Tyler Nevin,2,,projected,schema_smoke_from_confirmed,0.6,1.0,1.0,0.0,2024-04-01T09:00:00Z
745675,OAK,680869,Zack Gelof,3,,projected,schema_smoke_from_confirmed,0.6,1.0,1.0,0.0,2024-04-01T09:00:00Z
745675,OAK,664913,Seth Brown,4,,projected,schema_smoke_from_confirmed,0.6,1.0,1.0,0.0,2024-04-01T09:00:00Z
745675,OAK,667670,Brent Rooker,5,,projected,schema_smoke_from_confirmed,0.6,1.0,1.0,0.0,2024-04-01T09:00:00Z
745675,OAK,647351,Abraham Toro,6,,projected,schema_smoke_from_confirmed,0.6,1.0,1.0,0.0,2024-04-01T09:00:00Z
745675,OAK,668832,Kyle McCann,7,,projected,schema_smoke_from_confirmed,0.6,1.0,1.0,0.0,2024-04-01T09:00:00Z
745675,OAK,671732,Lawrence Butler,8,,projected,schema_smoke_from_confirmed,0.6,1.0,1.0,0.0,2024-04-01T09:00:00Z
745675,OAK,687231,Darell Hernaiz,9,,projected,schema_smoke_from_confirmed,0.6,1.0,1.0,0.0,2024-04-01T09:00:00Z
745675,BOS,680776,Jarren Duran,1,,projected,schema_smoke_from_confirmed,0.6,1.0,1.0,0.0,2024-04-01T09:00:00Z
745675,BOS,646240,Rafael Devers,2,,projected,schema_smoke_from_confirmed,0.6,1.0,1.0,0.0,2024-04-01T09:00:00Z
745675,BOS,596115,Trevor Story,3,,projected,schema_smoke_from_confirmed,0.6,1.0,1.0,0.0,2024-04-01T09:00:00Z
745675,BOS,666915,Bobby Dalbec,4,,projected,schema_smoke_from_confirmed,0.6,1.0,1.0,0.0,2024-04-01T09:00:00Z
745675,BOS,677800,Wilyer Abreu,5,,projected,schema_smoke_from_confirmed,0.6,1.0,1.0,0.0,2024-04-01T09:00:00Z
745675,BOS,807799,Masataka Yoshida,6,,projected,schema_smoke_from_confirmed,0.6,1.0,1.0,0.0,2024-04-01T09:00:00Z
745675,BOS,665839,Enmanuel Valdez,7,,projected,schema_smoke_from_confirmed,0.6,1.0,1.0,0.0,2024-04-01T09:00:00Z
745675,BOS,678882,Ceddanne Rafaela,8,,projected,schema_smoke_from_confirmed,0.6,1.0,1.0,0.0,2024-04-01T09:00:00Z
745675,BOS,624512,Reese McGuire,9,,projected,schema_smoke_from_confirmed,0.6,1.0,1.0,0.0,2024-04-01T09:00:00Z
745277,SEA,641487,J.P. Crawford,1,,projected,schema_smoke_from_confirmed,0.6,1.0,1.0,0.0,2024-04-01T09:00:00Z
745277,SEA,677594,Julio Rodríguez,2,,projected,schema_smoke_from_confirmed,0.6,1.0,1.0,0.0,2024-04-01T09:00:00Z
745277,SEA,593871,Jorge Polanco,3,,projected,schema_smoke_from_confirmed,0.6,1.0,1.0,0.0,2024-04-01T09:00:00Z
745277,SEA,571745,Mitch Haniger,4,,projected,schema_smoke_from_confirmed,0.6,1.0,1.0,0.0,2024-04-01T09:00:00Z
745277,SEA,641598,Mitch Garver,5,,projected,schema_smoke_from_confirmed,0.6,1.0,1.0,0.0,2024-04-01T09:00:00Z
745277,SEA,663728,Cal Raleigh,6,,projected,schema_smoke_from_confirmed,0.6,1.0,1.0,0.0,2024-04-01T09:00:00Z
745277,SEA,664034,Ty France,7,,projected,schema_smoke_from_confirmed,0.6,1.0,1.0,0.0,2024-04-01T09:00:00Z
745277,SEA,686527,Dominic Canzone,8,,projected,schema_smoke_from_confirmed,0.6,1.0,1.0,0.0,2024-04-01T09:00:00Z
745277,SEA,649966,Luis Urías,9,,projected,schema_smoke_from_confirmed,0.6,1.0,1.0,0.0,2024-04-01T09:00:00Z
745277,CLE,680757,Steven Kwan,1,,projected,schema_smoke_from_confirmed,0.6,1.0,1.0,0.0,2024-04-01T09:00:00Z
745277,CLE,665926,Andrés Giménez,2,,projected,schema_smoke_from_confirmed,0.6,1.0,1.0,0.0,2024-04-01T09:00:00Z
745277,CLE,608070,José Ramírez,3,,projected,schema_smoke_from_confirmed,0.6,1.0,1.0,0.0,2024-04-01T09:00:00Z
745277,CLE,647304,Josh Naylor,4,,projected,schema_smoke_from_confirmed,0.6,1.0,1.0,0.0,2024-04-01T09:00:00Z
745277,CLE,671289,Tyler Freeman,5,,projected,schema_smoke_from_confirmed,0.6,1.0,1.0,0.0,2024-04-01T09:00:00Z
745277,CLE,664314,Estevan Florial,6,,projected,schema_smoke_from_confirmed,0.6,1.0,1.0,0.0,2024-04-01T09:00:00Z
745277,CLE,657656,Ramón Laureano,7,,projected,schema_smoke_from_confirmed,0.6,1.0,1.0,0.0,2024-04-01T09:00:00Z
745277,CLE,666310,Bo Naylor,8,,projected,schema_smoke_from_confirmed,0.6,1.0,1.0,0.0,2024-04-01T09:00:00Z
745277,CLE,677587,Brayan Rocchio,9,,projected,schema_smoke_from_confirmed,0.6,1.0,1.0,0.0,2024-04-01T09:00:00Z
745437,SD,593428,Xander Bogaerts,1,,projected,schema_smoke_from_confirmed,0.6,1.0,1.0,0.0,2024-04-01T09:00:00Z
745437,SD,665487,Fernando Tatis Jr.,2,,projected,schema_smoke_from_confirmed,0.6,1.0,1.0,0.0,2024-04-01T09:00:00Z
745437,SD,630105,Jake Cronenworth,3,,projected,schema_smoke_from_confirmed,0.6,1.0,1.0,0.0,2024-04-01T09:00:00Z
745437,SD,592518,Manny Machado,4,,projected,schema_smoke_from_confirmed,0.6,1.0,1.0,0.0,2024-04-01T09:00:00Z
745437,SD,673490,Ha-Seong Kim,5,,projected,schema_smoke_from_confirmed,0.6,1.0,1.0,0.0,2024-04-01T09:00:00Z
745437,SD,595777,Jurickson Profar,6,,projected,schema_smoke_from_confirmed,0.6,1.0,1.0,0.0,2024-04-01T09:00:00Z
745437,SD,669134,Luis Campusano,7,,projected,schema_smoke_from_confirmed,0.6,1.0,1.0,0.0,2024-04-01T09:00:00Z
745437,SD,666703,Eguy Rosario,8,,projected,schema_smoke_from_confirmed,0.6,1.0,1.0,0.0,2024-04-01T09:00:00Z
745437,SD,701538,Jackson Merrill,9,,projected,schema_smoke_from_confirmed,0.6,1.0,1.0,0.0,2024-04-01T09:00:00Z
745437,STL,680977,Brendan Donovan,1,,projected,schema_smoke_from_confirmed,0.6,1.0,1.0,0.0,2024-04-01T09:00:00Z
745437,STL,502671,Paul Goldschmidt,2,,projected,schema_smoke_from_confirmed,0.6,1.0,1.0,0.0,2024-04-01T09:00:00Z
745437,STL,669357,Nolan Gorman,3,,projected,schema_smoke_from_confirmed,0.6,1.0,1.0,0.0,2024-04-01T09:00:00Z
745437,STL,571448,Nolan Arenado,4,,projected,schema_smoke_from_confirmed,0.6,1.0,1.0,0.0,2024-04-01T09:00:00Z
745437,STL,575929,Willson Contreras,5,,projected,schema_smoke_from_confirmed,0.6,1.0,1.0,0.0,2024-04-01T09:00:00Z
745437,STL,572761,Matt Carpenter,6,,projected,schema_smoke_from_confirmed,0.6,1.0,1.0,0.0,2024-04-01T09:00:00Z
745437,STL,672279,Michael Siani,7,,projected,schema_smoke_from_confirmed,0.6,1.0,1.0,0.0,2024-04-01T09:00:00Z
745437,STL,687363,Victor Scott II,8,,projected,schema_smoke_from_confirmed,0.6,1.0,1.0,0.0,2024-04-01T09:00:00Z
745437,STL,691026,Masyn Winn,9,,projected,schema_smoke_from_confirmed,0.6,1.0,1.0,0.0,2024-04-01T09:00:00Z
747218,AZ,606466,Ketel Marte,1,,projected,schema_smoke_from_confirmed,0.6,1.0,1.0,0.0,2024-04-01T09:00:00Z
747218,AZ,682998,Corbin Carroll,2,,projected,schema_smoke_from_confirmed,0.6,1.0,1.0,0.0,2024-04-01T09:00:00Z
747218,AZ,666971,Lourdes Gurriel Jr.,3,,projected,schema_smoke_from_confirmed,0.6,1.0,1.0,0.0,2024-04-01T09:00:00Z
747218,AZ,572233,Christian Walker,4,,projected,schema_smoke_from_confirmed,0.6,1.0,1.0,0.0,2024-04-01T09:00:00Z
747218,AZ,592626,Joc Pederson,5,,projected,schema_smoke_from_confirmed,0.6,1.0,1.0,0.0,2024-04-01T09:00:00Z
747218,AZ,553993,Eugenio Suárez,6,,projected,schema_smoke_from_confirmed,0.6,1.0,1.0,0.0,2024-04-01T09:00:00Z
747218,AZ,672515,Gabriel Moreno,7,,projected,schema_smoke_from_confirmed,0.6,1.0,1.0,0.0,2024-04-01T09:00:00Z
747218,AZ,678489,Jorge Barrosa,8,,projected,schema_smoke_from_confirmed,0.6,1.0,1.0,0.0,2024-04-01T09:00:00Z
747218,AZ,672695,Geraldo Perdomo,9,,projected,schema_smoke_from_confirmed,0.6,1.0,1.0,0.0,2024-04-01T09:00:00Z
747218,NYY,650402,Gleyber Torres,1,,projected,schema_smoke_from_confirmed,0.6,1.0,1.0,0.0,2024-04-01T09:00:00Z
747218,NYY,665742,Juan Soto,2,,projected,schema_smoke_from_confirmed,0.6,1.0,1.0,0.0,2024-04-01T09:00:00Z
747218,NYY,592450,Aaron Judge,3,,projected,schema_smoke_from_confirmed,0.6,1.0,1.0,0.0,2024-04-01T09:00:00Z
747218,NYY,519203,Anthony Rizzo,4,,projected,schema_smoke_from_confirmed,0.6,1.0,1.0,0.0,2024-04-01T09:00:00Z
747218,NYY,519317,Giancarlo Stanton,5,,projected,schema_smoke_from_confirmed,0.6,1.0,1.0,0.0,2024-04-01T09:00:00Z
747218,NYY,657077,Alex Verdugo,6,,projected,schema_smoke_from_confirmed,0.6,1.0,1.0,0.0,2024-04-01T09:00:00Z
747218,NYY,683011,Anthony Volpe,7,,projected,schema_smoke_from_confirmed,0.6,1.0,1.0,0.0,2024-04-01T09:00:00Z
747218,NYY,669224,Austin Wells,8,,projected,schema_smoke_from_confirmed,0.6,1.0,1.0,0.0,2024-04-01T09:00:00Z
747218,NYY,665828,Oswaldo Cabrera,9,,projected,schema_smoke_from_confirmed,0.6,1.0,1.0,0.0,2024-04-01T09:00:00Z
746170,LAD,605141,Mookie Betts,1,,projected,schema_smoke_from_confirmed,0.6,1.0,1.0,0.0,2024-04-01T09:00:00Z
746170,LAD,660271,Shohei Ohtani,2,,projected,schema_smoke_from_confirmed,0.6,1.0,1.0,0.0,2024-04-01T09:00:00Z
746170,LAD,518692,Freddie Freeman,3,,projected,schema_smoke_from_confirmed,0.6,1.0,1.0,0.0,2024-04-01T09:00:00Z
746170,LAD,669257,Will Smith,4,,projected,schema_smoke_from_confirmed,0.6,1.0,1.0,0.0,2024-04-01T09:00:00Z
746170,LAD,571970,Max Muncy,5,,projected,schema_smoke_from_confirmed,0.6,1.0,1.0,0.0,2024-04-01T09:00:00Z
746170,LAD,606192,Teoscar Hernández,6,,projected,schema_smoke_from_confirmed,0.6,1.0,1.0,0.0,2024-04-01T09:00:00Z
746170,LAD,681546,James Outman,7,,projected,schema_smoke_from_confirmed,0.6,1.0,1.0,0.0,2024-04-01T09:00:00Z
746170,LAD,621035,Chris Taylor,8,,projected,schema_smoke_from_confirmed,0.6,1.0,1.0,0.0,2024-04-01T09:00:00Z
746170,LAD,666158,Gavin Lux,9,,projected,schema_smoke_from_confirmed,0.6,1.0,1.0,0.0,2024-04-01T09:00:00Z
746170,SF,808982,Jung Hoo Lee,1,,projected,schema_smoke_from_confirmed,0.6,1.0,1.0,0.0,2024-04-01T09:00:00Z
746170,SF,664774,LaMonte Wade Jr.,2,,projected,schema_smoke_from_confirmed,0.6,1.0,1.0,0.0,2024-04-01T09:00:00Z
746170,SF,624585,Jorge Soler,3,,projected,schema_smoke_from_confirmed,0.6,1.0,1.0,0.0,2024-04-01T09:00:00Z
746170,SF,656305,Matt Chapman,4,,projected,schema_smoke_from_confirmed,0.6,1.0,1.0,0.0,2024-04-01T09:00:00Z
746170,SF,527038,Wilmer Flores,5,,projected,schema_smoke_from_confirmed,0.6,1.0,1.0,0.0,2024-04-01T09:00:00Z
746170,SF,608596,Tom Murphy,6,,projected,schema_smoke_from_confirmed,0.6,1.0,1.0,0.0,2024-04-01T09:00:00Z
746170,SF,624424,Michael Conforto,7,,projected,schema_smoke_from_confirmed,0.6,1.0,1.0,0.0,2024-04-01T09:00:00Z
746170,SF,642731,Thairo Estrada,8,,projected,schema_smoke_from_confirmed,0.6,1.0,1.0,0.0,2024-04-01T09:00:00Z
746170,SF,573262,Mike Yastrzemski,9,,projected,schema_smoke_from_confirmed,0.6,1.0,1.0,0.0,2024-04-01T09:00:00Z
